{
  "N": 289,
  "K": 32,
  "neighbor_min": 9,
  "neighbor_mean": 18.476268412438625,
  "allpair_mean": 16.05459438677432
}